{"Bottleneck Size": [1, 1, 1, 2, 2, 2, 4, 4, 4, 8, 8, 8, 16, 16, 16, 32, 32, 32], "Run": [0, 1, 2, 0, 1, 2, 0, 1, 2, 0, 1, 2, 0, 1, 2, 0, 1, 2], "Accuracy": [0.030266666666666667, 0.032933333333333335, 0.0252, 0.019733333333333332, 0.0324, 0.026266666666666667, 0.021466666666666665, 0.018666666666666668, 0.027866666666666668, 0.019866666666666668, 0.0184, 0.016666666666666666, 0.020666666666666667, 0.020666666666666667, 0.020133333333333333, 0.021466666666666665, 0.018, 0.021066666666666668], "RMS Calib Error": [0.5469286256927476, 0.53427307045218, 0.5217696861822217, 0.5478363371107673, 0.5349895115259025, 0.5256815682326524, 0.5497388765960846, 0.5559735563743166, 0.5298441521851865, 0.5562864217282796, 0.5572516814702289, 0.5604133910643105, 0.5479656341519984, 0.5545160754891286, 0.5603172976624351, 0.5545409572145193, 0.5545301612154709, 0.5592524575538086], "AURRA": [0.027354800975775192, 0.029501992617070094, 0.024351451758548123, 0.013794679217739395, 0.03044000104505007, 0.02529430890708648, 0.01643756864190729, 0.013661224775866386, 0.025197151917169376, 0.0166875073263106, 0.014742816013021316, 0.011392902863674836, 0.015512977225129225, 0.016896892051962948, 0.014398979394114064, 0.01671242919023047, 0.01464819012781401, 0.0164069932424075]}