{"Bottleneck Size": [1, 1, 1, 2, 2, 2, 4, 4, 4, 8, 8, 8, 16, 16, 16, 32, 32, 32], "Run": [0, 1, 2, 0, 1, 2, 0, 1, 2, 0, 1, 2, 0, 1, 2, 0, 1, 2], "Shape Bias": [0.22781456953642384, 0.2187902187902188, 0.2540322580645161, 0.19607843137254902, 0.2260536398467433, 0.21540312876052947, 0.19873417721518988, 0.19451371571072318, 0.22428748451053285, 0.19927536231884058, 0.1884422110552764, 0.2175032175032175, 0.1925, 0.19105199516324062, 0.17454545454545456, 0.19798234552332913, 0.20439844760672704, 0.18386714116251482]}